name,email,password,role,age
Sana Ali,sana3168@example.com,gwx9ke,user,19
Hassan Shayan,hassan1331@example.com,MPwZ2P,user,22
Ali Sara,ali7324@example.com,rwx3LS,user,19
Ahmed Zainab,ahmed8150@example.com,DA2ZSj,user,22
Sara Shahzaib,sara9028@example.com,2slcn8,user,32
Hussein Mohammed,hussein0022@example.com,CF15N6,user,25
Omar Ahmed,omar1401@example.com,kcfDoA,user,21
Omar Omar,omar5337@example.com,wTUuks,user,33
Ahmed Shayan,ahmed8209@example.com,vwEDvx,user,19
Ali Shahzaib,ali4460@example.com,VsIvI0,user,24
Mohammed Shayan,mohammed5653@example.com,0Eon3B,user,25
Fatima Ahmed,fatima9460@example.com,KmpNCs,user,25
Shahzaib Shahzaib,shahzaib1735@example.com,x0QoZC,user,18
Zainab Aisha,zainab9801@example.com,XoRDVj,user,29
Raza Sana,raza5194@example.com,vbtXq3,user,32
Mowahid Raza,mowahid2350@example.com,vnBjax,user,34
Ahmed Sana,ahmed2959@example.com,lZBHCq,user,19
Mowahid Sana,mowahid1629@example.com,CLIsQI,user,29
Mowahid Shahzaib,mowahid7361@example.com,lSjbq3,user,19
Sana Raza,sana2378@example.com,YFLEuD,user,27
Hussein Fatima,hussein2916@example.com,FEszrW,user,20
Zainab Fatima,zainab4294@example.com,UZnkvl,user,25
Hassan Sara,hassan4247@example.com,A4PExN,user,27
Zainab Omar,zainab6992@example.com,hiDStt,user,22
Mowahid Fatima,mowahid3572@example.com,ST8koj,user,21
Ali Ahmed,ali1664@example.com,UFcpKN,user,31
Shahzaib Mohammed,shahzaib3157@example.com,xFDbeQ,user,23
Aisha Mohammed,aisha3176@example.com,E4Dm4D,user,26
Hussein Ali,hussein6657@example.com,SmWMt7,user,29
Ahmed Hussein,ahmed8542@example.com,CwuLug,user,22
Ali Shayan,ali5320@example.com,xYVWKj,user,27
Zaki Zaki,zaki7325@example.com,Y7OuVv,user,18
Ahmed Shahzaib,ahmed9045@example.com,tXvA6Y,user,22
Zaki Omar,zaki4065@example.com,qDku0M,user,32
Zaki Mohammed,zaki1914@example.com,IFLjKT,user,25
Shayan Shahzaib,shayan8255@example.com,Uzdjit,user,24
Raza Fatima,raza4965@example.com,E1hueK,user,31
Hassan Hussein,hassan7384@example.com,1J4Drf,user,32
Hussein Raza,hussein5484@example.com,UthwBE,user,33
Omar Mohammed,omar5216@example.com,dFVCoa,user,23
Mowahid Zainab,mowahid0440@example.com,lzEjbt,user,21
Mowahid Omar,mowahid0677@example.com,uN2aFj,user,32
Ahmed Hassan,ahmed0642@example.com,ISmC0x,user,23
Hussein Zaki,hussein4759@example.com,XadM6s,user,23
Aisha Aisha,aisha4594@example.com,ZPTkl3,user,19
Ahmed Hussein,ahmed4228@example.com,NGXkGC,user,20
Ahmed Zaki,ahmed9504@example.com,lXEwYb,user,35
Aisha Omar,aisha1296@example.com,pxFe4a,user,29
Ahmed Ahmed,ahmed2521@example.com,otmstA,user,23
Shayan Shayan,shayan3711@example.com,ied5ts,user,28
Hassan Omar,hassan1883@example.com,eNBKks,user,24
Zaki Fatima,zaki1148@example.com,7vCrUs,user,24
Hassan Mohammed,hassan6325@example.com,b9Ry1x,user,25
Sara Shayan,sara6063@example.com,ld1MPW,user,20
Zaki Sara,zaki5611@example.com,deiM8g,user,28
Shayan Aisha,shayan9090@example.com,w4bHXM,user,34
Omar Mowahid,omar0177@example.com,mGeBtj,user,34
Aisha Hassan,aisha9446@example.com,lwJV3w,user,33
Zainab Hassan,zainab7377@example.com,1aCQDo,user,27
Zaki Ali,zaki7687@example.com,2l88q4,user,18
Mowahid Mowahid,mowahid4619@example.com,piyq96,user,18
Sara Fatima,sara5442@example.com,F9T3ca,user,29
Fatima Aisha,fatima0878@example.com,ss0rNd,user,21
Ali Aisha,ali7142@example.com,ctCdXY,user,25
Mowahid Zainab,mowahid2036@example.com,hY7g1p,user,24
Fatima Mowahid,fatima7775@example.com,cieSx3,user,24
Ahmed Hassan,ahmed2709@example.com,C45J2p,user,26
Sara Sana,sara3954@example.com,qAhMon,user,27
Zaki Shayan,zaki4984@example.com,p3GKEA,user,35
Ali Zaki,ali4487@example.com,5zpv8c,user,19
Sana Omar,sana7262@example.com,N7JmXf,user,25
Zaki Ahmed,zaki2024@example.com,64KHWv,user,25
Mowahid Raza,mowahid8074@example.com,D6pklt,user,25
Ahmed Fatima,ahmed3215@example.com,Kl2uZW,user,23
Raza Sana,raza0894@example.com,aXbrom,user,28
Ali Hassan,ali9962@example.com,ywYoMR,user,26
Ahmed Mohammed,ahmed0225@example.com,3AJoDQ,user,26
Sara Mowahid,sara1562@example.com,m1Eqy7,user,25
Mowahid Raza,mowahid6018@example.com,Jdv8QS,user,20
Aisha Hassan,aisha1055@example.com,3us7Kg,user,24
Zainab Hassan,zainab4100@example.com,xIzF3e,user,34
Mohammed Zainab,mohammed6807@example.com,ReERPF,user,18
Zainab Ahmed,zainab6829@example.com,VjsSMA,user,25
Sara Zaki,sara5791@example.com,TyOAeJ,user,33
Ahmed Mowahid,ahmed2647@example.com,jCXgV0,user,33
Mowahid Mowahid,mowahid7882@example.com,uIwjLB,user,20
Omar Shayan,omar3282@example.com,chdsaO,user,25
Mowahid Ali,mowahid5715@example.com,9A0mD9,user,25
Omar Ahmed,omar9319@example.com,srzfns,user,18
Shahzaib Sana,shahzaib2794@example.com,5yIKnh,user,28
Aisha Sana,aisha7760@example.com,2pk0gM,user,34
Shayan Zainab,shayan1998@example.com,eIp8hR,user,21
Mowahid Ahmed,mowahid5348@example.com,E9v0vE,user,26
Sana Ahmed,sana5624@example.com,lUejRe,user,28
Zainab Ali,zainab2267@example.com,9GNMet,user,21
Shayan Omar,shayan5894@example.com,AF28p8,user,27
Hussein Mohammed,hussein5860@example.com,6bga4p,user,30
Ahmed Mowahid,ahmed4143@example.com,jFo8sS,user,18
Hassan Sana,hassan2446@example.com,INKhYF,user,28
Sara Shahzaib,sara7974@example.com,AQiBOg,user,27
